{"_runtime":1116,"epoch":249,"loss":1.9892233986854553,"_timestamp":1.766666166716167e+09,"_step":249,"_wandb":{"runtime":1116}}